First Name,Last Name,Email
Paul,Mejia,Paul@hotmail.com
Herman,Finley,Herman@gmail.com
Richard,Harmon,Richard@gmail.com
Igor,Conley,Igor@gmail.com
Connor,Riddle,Connor@gmail.com
Erich,Benton,Erich@yahoo.com
Giacomo,Rosario,Giacomo@gmail.com
Ivan,Fischer,Ivan@gmail.com
Raja,Bright,Raja@gmail.com
Oleg,Cameron,Oleg@gmail.com
Abel,Trevino,Abel@hotmail.com
Ali,Oneill,Ali@gmail.com
Silas,Barber,Silas@msn.com
Nigel,Duffy,Nigel@hotmail.com
Drew,Fletcher,Drew@gmail.com
Stuart,Good,Stuart@gmail.com
Addison,Fletcher,Addison@gmail.com
Darius,Kane,Darius@msn.com
Carlos,Myers,Carlos@msn.com
Edward,Buchanan,Edward@gmail.com
Erasmus,Galloway,Erasmus@msn.com
Kenneth,Heath,Kenneth@yahoo.com
Uriah,Gates,Uriah@yahoo.com
Kyle,Spears,Kyle@gmail.com
Tobias,Farrell,Tobias@msn.com
Preston,Mcmillan,Preston@gmail.com
Quinn,Carey,Quinn@gmail.com
Arthur,Henson,Arthur@gmail.com
Tiger,Espinoza,Tiger@gmail.com
Ivan,Kim,Ivan@gmail.com
Curran,Lewis,Curran@gmail.com
Jackson,Sellers,Jackson@gmail.com
Josiah,Church,Josiah@yahoo.com
Kermit,Boyle,Kermit@gmail.com
Griffin,Colon,Griffin@gmail.com
Rahim,Stevens,Rahim@gmail.com
Philip,Mason,Philip@gmail.com
Simon,Burris,Simon@gmail.com
Raja,Dotson,Raja@gmail.com
Brock,Gill,Brock@gmail.com
August,Larsen,August@gmail.com
Phillip,Hayes,Phillip@gmail.com
Marshall,Valenzuela,Marshall@hotmail.com
Allistair,Herring,Allistair@gmail.com
Philip,Cervantes,Philip@gmail.com
Wesley,Fischer,Wesley@gmail.com
Rigel,Harvey,Rigel@hotmail.com
Uriah,Torres,Uriah@yahoo.com
Raymond,Simon,Raymond@gmail.com
Thaddeus,Dunlap,Thaddeus@msn.com
Ezekiel,Soto,Ezekiel@hotmail.com
Malcolm,Jenkins,Malcolm@gmail.com
Robert,Richmond,Robert@gmail.com
Lee,Hayes,Lee@gmail.com
Acton,Rojas,Acton@gmail.com
Noble,Chan,Noble@gmail.com
Ignatius,Mcmillan,Ignatius@msn.com
Hilel,Barnett,Hilel@hotmail.com
Thomas,Olsen,Thomas@msn.com
Wade,Bowers,Wade@gmail.com
Hector,Wooten,Hector@gmail.com
Keefe,Harris,Keefe@gmail.com
Murphy,Mays,Murphy@gmail.com
Leo,Alexander,Leo@gmail.com
Malcolm,Carey,Malcolm@gmail.com
Jasper,Strong,Jasper@gmail.com
Acton,Spence,Acton@gmail.com
Joseph,Burt,Joseph@yahoo.com
Howard,Tyson,Howard@gmail.com
Griffith,Mcneil,Griffith@yahoo.com
Cyrus,Fitzpatrick,Cyrus@msn.com
Brennan,Calhoun,Brennan@gmail.com
Ralph,Jones,Ralph@yahoo.com
Xander,Byers,Xander@gmail.com
Ishmael,Warner,Ishmael@hotmail.com
Preston,Valencia,Preston@gmail.com
Mark,Rowe,Mark@gmail.com
Kennan,Michael,Kennan@gmail.com
Amery,Barton,Amery@gmail.com
Tarik,Sparks,Tarik@gmail.com
Jakeem,Cameron,Jakeem@gmail.com
Griffin,Byrd,Griffin@gmail.com
Keaton,Estrada,Keaton@gmail.com
Otto,Orr,Otto@gmail.com
Wyatt,Ferrell,Wyatt@gmail.com
Eagan,Reilly,Eagan@gmail.com
Hasad,Bartlett,Hasad@gmail.com
Denton,Mercado,Denton@gmail.com
Nissim,Bailey,Nissim@gmail.com
Berk,Beck,Berk@gmail.com
Dylan,Bowman,Dylan@gmail.com
Zeus,Hayden,Zeus@msn.com
Vernon,Black,Vernon@gmail.com
Gregory,Rowland,Gregory@gmail.com
Uriel,Hickman,Uriel@hotmail.com
Matthew,Schultz,Matthew@gmail.com
Ryan,Blanchard,Ryan@gmail.com
Uriah,Chan,Uriah@yahoo.com
Colton,Bird,Colton@gmail.com
Brennan,Lee,Brennan@gmail.com
