First Name,Last Name
Paul,Mejia
Herman,Finley
Richard,Harmon
Igor,Conley
Connor,Riddle
Erich,Benton
Giacomo,Rosario
Ivan,Fischer
Raja,Bright
Oleg,Cameron
Abel,Trevino
Ali,Oneill
Silas,Barber
Nigel,Duffy
Drew,Fletcher
Stuart,Good
Addison,Fletcher
Darius,Kane
Carlos,Myers
Edward,Buchanan
Erasmus,Galloway
Kenneth,Heath
Uriah,Gates
Kyle,Spears
Tobias,Farrell
Preston,Mcmillan
Quinn,Carey
Arthur,Henson
Tiger,Espinoza
Ivan,Kim
Curran,Lewis
Jackson,Sellers
Josiah,Church
Kermit,Boyle
Griffin,Colon
Rahim,Stevens
Philip,Mason
Simon,Burris
Raja,Dotson
Brock,Gill
August,Larsen
Phillip,Hayes
Marshall,Valenzuela
Allistair,Herring
Philip,Cervantes
Wesley,Fischer
Rigel,Harvey
Uriah,Torres
Raymond,Simon
Thaddeus,Dunlap
Ezekiel,Soto
Malcolm,Jenkins
Robert,Richmond
Lee,Hayes
Acton,Rojas
Noble,Chan
Ignatius,Mcmillan
Hilel,Barnett
Thomas,Olsen
Wade,Bowers
Hector,Wooten
Keefe,Harris
Murphy,Mays
Leo,Alexander
Malcolm,Carey
Jasper,Strong
Acton,Spence
Joseph,Burt
Howard,Tyson
Griffith,Mcneil
Cyrus,Fitzpatrick
Brennan,Calhoun
Ralph,Jones
Xander,Byers
Ishmael,Warner
Preston,Valencia
Mark,Rowe
Kennan,Michael
Amery,Barton
Tarik,Sparks
Jakeem,Cameron
Griffin,Byrd
Keaton,Estrada
Otto,Orr
Wyatt,Ferrell
Eagan,Reilly
Hasad,Bartlett
Denton,Mercado
Nissim,Bailey
Berk,Beck
Dylan,Bowman
Zeus,Hayden
Vernon,Black
Gregory,Rowland
Uriel,Hickman
Matthew,Schultz
Ryan,Blanchard
Uriah,Chan
Colton,Bird
Brennan,Lee